	Run_0_CV_0	Run_0_CV_1	Run_0_CV_2	Run_0_CV_3	Run_0_CV_4	Run_1_CV_0	Run_1_CV_1	Run_1_CV_2	Run_1_CV_3	Run_1_CV_4	Run_2_CV_0	Run_2_CV_1	Run_2_CV_2	Run_2_CV_3	Run_2_CV_4	Run_3_CV_0	Run_3_CV_1	Run_3_CV_2	Run_3_CV_3	Run_3_CV_4	Run_4_CV_0	Run_4_CV_1	Run_4_CV_2	Run_4_CV_3	Run_4_CV_4
RF	0.8451542547285166	0.8958064164776166	0.9449111825230682	0.890870806374748	0.9478594305064438	0.9473309334313418	1.0	0.9449111825230682	1.0	0.6757030970216692	0.8390645410391885	0.8958064164776166	0.9449111825230682	1.0	0.8367027121812314	1.0	0.7950999358860351	0.7847060257179307	0.8375742428256124	0.9465727652959386	0.9473309334313418	0.7950999358860351	0.8375742428256124	0.8885714285714286	1.0
SVM	0.9473309334313418	0.8933333333333333	0.808290376865476	0.9449111825230682	0.9465727652959386	0.8933333333333333	1.0	0.9449111825230682	0.7268326590665243	0.9465727652959386	0.9473309334313418	0.8390645410391885	0.9465727652959386	0.890870806374748	1.0	1.0	0.8451542547285166	0.7771428571428571	0.8315218406203	0.894427190999916	0.9473309334313418	0.8933333333333333	0.890870806374748	0.8972179222463181	0.8916666666666667
Logistic Regression	0.9473309334313418	0.9473309334313418	0.8512965889470844	0.7885486707941243	0.8111071056538127	0.7950999358860351	1.0	0.9449111825230682	0.7268326590665243	0.8432740427115678	0.9473309334313418	0.8390645410391885	0.9449111825230682	0.7435025403466419	1.0	0.9486832980505139	0.8933333333333333	0.7268326590665243	0.7750576015460308	0.9465727652959386	0.9473309334313418	0.8933333333333333	0.8885714285714286	0.9465727652959386	0.8916666666666667
MLPNN	0.9473309334313418	1.0	0.9465727652959386	0.890870806374748	1.0	0.9486832980505139	1.0	0.9449111825230682	0.8972179222463181	0.894427190999916	1.0	0.8958064164776166	1.0	1.0	0.9478594305064438	1.0	1.0	0.8885714285714286	0.9449111825230682	1.0	1.0	0.8958064164776166	0.890870806374748	0.9465727652959386	0.9478594305064438
